Payment ID,Amount,Status
P00000000001,85.41,SUCCESS
P00000000002,234.43,SUCCESS
P00000000003,216.01,SUCCESS
P00000000004,157.64,SUCCESS
P00000000005,150.11,SUCCESS
P00000000006,50.92,PENDING
P00000000007,237.2,SUCCESS
P00000000008,168.19,SUCCESS
P00000000009,56.06,SUCCESS
P00000000010,83.51,SUCCESS
P00000000011,75.83,SUCCESS
P00000000012,95.29,SUCCESS
P00000000013,82.84,SUCCESS
P00000000014,238.03,FAILED
P00000000015,170.57,SUCCESS
P00000000016,225.78,SUCCESS
P00000000017,4.89,SUCCESS
P00000000018,86,SUCCESS
P00000000019,218.33,SUCCESS
P00000000020,69.03,SUCCESS
P00000000021,121.94,SUCCESS
P00000000022,208.9,PENDING
P00000000023,165.72,PENDING
P00000000024,114.1,SUCCESS
P00000000025,153.16,SUCCESS
P00000000026,225.8,SUCCESS
P00000000027,263.44,SUCCESS
P00000000028,54.7,SUCCESS
P00000000029,175.87,SUCCESS
P00000000030,167.42,SUCCESS
P00000000031,94.52,SUCCESS
P00000000032,157.22,FAILED
P00000000033,286.07,SUCCESS
P00000000034,40.11,SUCCESS
P00000000035,156.07,SUCCESS
P00000000036,214.42,SUCCESS
P00000000037,53.73,SUCCESS
P00000000038,254.66,SUCCESS
P00000000039,84.62,SUCCESS
P00000000040,88.47,SUCCESS
P00000000041,119.57,SUCCESS
P00000000042,48.96,SUCCESS
P00000000043,170.2,SUCCESS
P00000000044,127.81,SUCCESS
P00000000045,220.65,SUCCESS
P00000000046,241.49,SUCCESS
P00000000047,276.85,SUCCESS
P00000000048,123.13,SUCCESS
P00000000049,71.83,SUCCESS
P00000000050,272.27,SUCCESS
P00000000051,125,SUCCESS
P00000000052,263.7,SUCCESS
P00000000053,51.71,SUCCESS
P00000000054,88.78,SUCCESS
P00000000055,18.91,SUCCESS
P00000000056,207.08,SUCCESS
P00000000057,121.14,SUCCESS
P00000000058,277.43,SUCCESS
P00000000059,199.18,SUCCESS
P00000000060,37.21,SUCCESS
P00000000061,94.9,SUCCESS
P00000000062,174.59,SUCCESS
P00000000063,10.39,SUCCESS
P00000000064,265.7,SUCCESS
P00000000065,67.13,SUCCESS
P00000000066,230.64,SUCCESS
P00000000067,81.78,FAILED
P00000000068,201.14,SUCCESS
P00000000069,12.41,SUCCESS
P00000000070,37.43,SUCCESS
P00000000071,160.79,SUCCESS
P00000000072,49.91,SUCCESS
P00000000073,197.29,SUCCESS
P00000000074,259.94,SUCCESS
P00000000075,142.94,SUCCESS
P00000000076,43.99,SUCCESS
P00000000077,253.35,SUCCESS
P00000000078,9.5,SUCCESS
P00000000079,83.41,SUCCESS
P00000000080,272.73,SUCCESS
P00000000081,135.87,SUCCESS
P00000000082,104.82,SUCCESS
P00000000083,149.63,SUCCESS
P00000000084,249.74,SUCCESS
P00000000085,266.73,SUCCESS
P00000000086,206.53,SUCCESS
P00000000087,195.84,SUCCESS
P00000000088,148.92,SUCCESS
P00000000089,179.77,SUCCESS
P00000000090,155.68,SUCCESS
P00000000091,64.96,SUCCESS
P00000000092,213.64,SUCCESS
P00000000093,233.9,FAILED
P00000000094,241.67,SUCCESS
P00000000095,244.46,SUCCESS
P00000000096,269.61,SUCCESS
P00000000097,190.31,PENDING
P00000000098,219.39,SUCCESS
P00000000099,289.22,SUCCESS
P00000000100,267.76,PENDING